,HP,SIMCAP,MCCFR-IR-p,NFSP-IR,NFSP-PR,MCCFR-IR,NFSP-IR-p,Total
SIMCAP,-0.5144,0.0,-0.562,-0.2624,-0.2956,-0.25,-0.2212,-0.3509333333333333
MCCFR-IR-p,-0.6232,-0.5916,0.0,-0.3236,-0.3672,-0.2612,-0.2852,-0.4086666666666667
HP,0.0,-0.7848,-0.7048,-0.5988,-0.4044,-0.2744,-0.4144,-0.5302666666666668
MCCFR-IR,-0.88,-0.816,-0.7768,-0.5916,-0.5676,0.0,-0.5116,-0.6906
NFSP-PR,-0.9968,-0.9156,-0.7796,-0.6332,0.0,-0.5184,-0.448,-0.7152666666666666
NFSP-IR,-0.98,-0.9364,-0.7656,0.0,-0.5656,-0.6344,-0.602,-0.7473333333333333
NFSP-IR-p,-0.9952,-0.9052,-0.7876,-0.734,-0.5552,-0.6604,0.0,-0.7729333333333334
(-)Total,0.8315999999999999,0.8249333333333334,0.7294,0.5239333333333334,0.4592666666666667,0.43313333333333337,0.41373333333333334,-0.6022857142857141
