,SIMCAP+,SIMCAP,MCCFR-IR-p,HP,Total
SIMCAP+,0.0,-0.5504,-0.532,-0.5476,-0.5433333333333333
SIMCAP,-0.5804,0.0,-0.562,-0.5144,-0.5522666666666667
MCCFR-IR-p,-0.592,-0.5916,0.0,-0.6232,-0.6022666666666666
HP,-0.7752,-0.7848,-0.7048,0.0,-0.7549333333333333
(-)Total,0.6492,0.6422666666666667,0.5996,0.5617333333333333,-0.6132
