,SIMCAP,MCCFR-IR-p,HP,Total
SIMCAP,0.0,-0.562,-0.5144,-0.5382
MCCFR-IR-p,-0.5916,0.0,-0.6232,-0.6073999999999999
HP,-0.7848,-0.7048,0.0,-0.7448
(-)Total,0.6882,0.6334,0.5688,-0.6301333333333333
